word,count
market,4138
crypto,3714
price,3451
bitcoin,3067
asset,2172
new,2093
token,1953
investor,1849
could,1574
xrp,1504
first,1477
company,1446
ethereum,1425
digital,1368
million,1346
potential,1218
ai,1150
trading,1146
coin,1139
like,1125
investment,1121
project,1102
future,1084
user,1080
financial,1066
also,1054
exchange,1041
finance,1025
significant,1015
eth,989
risk,958
support,930
time,888
platform,885
btc,859
one,849
key,845
opportunity,824
move,824
cryptocurrency,813
may,809
strategy,805
institutional,794
level,790
billion,785
strong,769
blockchain,761
network,753
etf,750
data,741
high,728
global,720
growth,717
july,716
security,713
value,712
altcoins,693
interest,691
wallet,687
presale,679
analyst,670
buy,666
trend,648
major,645
solana,643
often,632
community,629
momentum,619
development,618
ecosystem,612
transaction,607
trader,607
next,606
http,602
current,601
offer,601
capital,600
post,599
early,596
holding,595
recent,588
broader,578
gain,573
sentiment,571
regulatory,568
u,566
still,564
around,562
year,561
adoption,555
whale,552
rate,531
top,530
trade,530
defi,524
position,524
even,522
bullish,520
stablecoin,519
volume,516
would,513
across,509
strategic,501
appeared,496
liquidity,496
large,490
supply,489
make,488
volatility,487
however,486
share,483
treasury,481
meme,481
fund,478
day,470
might,469
economic,469
signal,465
phase,465
model,464
impact,460
traditional,447
within,447
according,446
world,444
ruvi,444
making,442
demand,442
said,441
offering,437
growing,436
action,435
shift,434
movement,432
holder,430
month,430
daily,429
activity,429
launch,428
binance,427
rally,427
august,425
access,418
past,418
altcoin,416
show,416
remains,415
bank,415
payment,411
chart,411
use,410
news,409
ripple,409
hold,408
week,408
trump,408
already,405
report,403
potentially,403
stablecoins,403
return,402
including,400
resistance,398
technical,391
increase,391
firm,390
decentralized,388
sui,382
reward,382
pressure,381
win,380
listing,378
analysis,377
staking,377
mutm,377
service,376
crucial,373
cryptocurrencies,371
system,369
stock,369
mutuum,368
last,366
technology,366
team,362
loss,362
point,362
decision,361
challenge,359
without,356
many,356
selling,355
total,354
leading,353
currently,352
discover,351
lead,349
spot,349
continue,348
set,348
clear,348
attention,347
surge,346
article,344
coinbase,343
business,341
reserve,339
infrastructure,339
utility,338
contract,338
low,336
catch,333
chasing,330
innovation,329
confidence,329
prediction,328
among,328
currency,326
index,325
near,324
latest,323
tool,322
real,321
click,320
factor,319
policy,319
insight,318
open,317
breakout,317
space,316
toward,316
mean,315
need,314
newest,313
event,312
since,310
higher,310
see,309
protocol,307
transfer,307
help,306
focus,305
cycle,305
period,304
player,302
industry,300
dynamic,300
mining,299
statement,298
regulation,298
drop,297
approach,296
performance,295
indicator,295
plan,292
understanding,292
sec,290
public,290
landscape,289
increased,289
back,287
average,286
medium,286
suggests,286
case,284
another,283
legal,282
due,280
especially,280
social,280
robust,279
x,278
directly,278
foundation,276
management,273
bitcoinworld,272
retail,272
two,269
product,268
despite,268
based,265
today,265
best,264
usdt,264
expected,263
continues,261
smart,261
reach,261
range,261
substantial,260
release,259
reading,258
critical,258
change,258
sol,258
used,256
bonus,256
buying,255
recently,254
act,254
following,253
beyond,252
target,250
mark,250
fee,248
cost,247
several,247
economy,246
dogecoin,246
stability,246
looking,246
concern,246
rise,245
revenue,244
lower,244
power,243
question,243
sell,243
provide,243
magacoin,243
bull,242
portfolio,242
cardano,242
benefit,241
condition,241
whether,240
secure,240
view,239
way,238
seen,238
learn,237
hour,237
bybit,237
consider,235
number,234
long,233
pattern,233
rising,231
experience,230
decline,230
come,229
provides,228
fundamental,227
website,227
ahead,227
cap,227
per,227
information,226
likely,226
role,226
term,224
source,222
remain,221
tariff,220
base,219
become,219
feature,219
trust,219
inflation,219
correction,218
say,217
part,217
built,216
flow,215
uncertainty,215
gold,214
include,214
building,213
tabloid,213
research,213
inflow,213
strength,213
massive,213
result,213
energy,213
wave,212
participant,212
sale,212
money,212
worth,212
private,212
pepe,212
explore,211
operation,210
specific,210
official,210
upside,210
buyer,210
moving,210
hype,209
take,208
lending,208
big,207
significantly,207
season,207
highlight,206
profit,206
spartan,205
play,204
made,203
exposure,203
partnership,203
fear,203
dollar,202
short,202
zone,202
country,202
telegram,200
sector,200
purchase,200
amount,200
south,200
common,200
advice,199
developer,199
positive,199
state,199
evolving,198
sign,198
shib,198
solution,197
get,197
shaping,197
stand,197
withdrawal,197
follow,196
doge,196
korea,195
various,194
influence,194
raised,193
rather,193
hit,193
end,193
increasing,192
framework,192
entry,191
blockdag,191
cash,191
government,190
game,190
yet,188
structure,188
account,187
miner,187
core,186
added,186
individual,186
deposit,186
layer,185
funding,185
integration,185
betting,185
well,184
option,184
institution,183
aim,182
particularly,182
live,182
sold,181
overall,181
gaming,181
every,180
bearish,180
address,180
stage,180
fast,179
president,179
active,178
break,178
emerging,178
application,177
using,177
keep,177
right,177
process,177
yield,176
immediate,176
clarity,175
transparency,175
inu,175
step,174
consumer,174
recovery,173
designed,173
powerful,173
volatile,173
accumulation,173
behind,173
outlook,173
venture,172
approximately,172
different,171
control,171
liquidation,171
previous,171
record,171
typically,171
acquisition,170
deal,170
run,169
